<?xml version="1.0"?>
<config>
    <acl>
        <resources>
            <all>
                <title>Allow Everything</title>
            </all>
            <admin>
                <children>
                    <system>
                        <children>
                            <config>
                                <children>
                                    <affiliatepluslevel translate="title">
                                        <title>Affiliate Plus</title>
                                        <sort_order>50</sort_order>
                                    </affiliatepluslevel>									
                                </children>
                            </config>
                        </children>
                    </system>
                    <Magestore_affiliatepluslevel>
                        <title>Affiliate Plus Module</title>
                        <sort_order>10</sort_order>
                    </Magestore_affiliatepluslevel>
                </children>
            </admin>
        </resources>
    </acl>
</config>