<?xml version="1.0"?>
<config>
    <acl>
        <resources>
            <all>
                <title>Allow Everything</title>
            </all>
            <admin>
                <children>
                    <system>
                        <children>
                            <config>
                                <children>
                                    <affiliateplus_payment translate="title">
                                        <title>Affiliate Plus Payment Method</title>
                                        <sort_order>50</sort_order>
                                    </affiliateplus_payment>									
                                </children>
                            </config>
                        </children>
                    </system>
                </children>
            </admin>
        </resources>
    </acl>
</config>