<?xml version="1.0"?>
<config>
	<sections>
            <!--Changed By Adam 25/09/2014: Add User Guide to Configuration page-->
            <affiliateplus translate="label" module="affiliateplus">
                <groups>
        
<!--                    <document_help translate="label" module="affiliateplusdirectlink">
                        <fields>
                            <affiliatepluspayment_user_guide translate="label">
                                <label>Affiliate Plus Payment User Guide</label>
                                <frontend_type>label</frontend_type>  
                                <frontend_model>affiliatepluspayment/adminhtml_field_affiliatepluspayment</frontend_model>
                                <sort_order>45</sort_order>
                                <show_in_default>1</show_in_default>
                                <show_in_website>0</show_in_website>
                                <show_in_store>0</show_in_store>
                                <comment></comment>
                            </affiliatepluspayment_user_guide>
                        </fields>
                    </document_help>-->
                    <!--hainh edit 28-04-2014-->
                </groups>
            </affiliateplus>
            
        <affiliateplus_payment translate="label" module="affiliatepluspayment">
            <class>separator-top</class>
            <label>Affiliate Plus Payment Method</label>
            <tab>magestore</tab>
            <frontend_type>text</frontend_type>
            <sort_order>301</sort_order>
            <show_in_default>1</show_in_default>
            <show_in_website>1</show_in_website>
            <show_in_store>1</show_in_store>
            <groups>
                <recurring>
                    <label>Recurring Payment Configuration</label>
                    <frontend_type>text</frontend_type>
                    <sort_order>5</sort_order>
                    <show_in_default>1</show_in_default>
                    <show_in_website>1</show_in_website>
                    <show_in_store>1</show_in_store>
                    <fields>
                        <enable translate="label">
                            <label>Active</label>
                            <frontend_type>select</frontend_type>
                            <source_model>adminhtml/system_config_source_yesno</source_model>
                            <sort_order>0</sort_order>
                            <show_in_default>1</show_in_default>
                            <show_in_website>1</show_in_website>
                            <show_in_store>1</show_in_store>
                            <comment></comment>
                        </enable>
                        <period translate="label">
                            <label>Period of auto payout</label>
                            <frontend_type>select</frontend_type>
                            <source_model>affiliatepluspayment/source_period</source_model>
                            <sort_order>10</sort_order>
                            <show_in_default>1</show_in_default>
                            <show_in_website>1</show_in_website>
                            <show_in_store>1</show_in_store>
                            <comment></comment>
                        </period>
                        <days translate="label comment">
                            <label>Custom payout days</label>
                            <frontend_type>text</frontend_type>
                            <sort_order>20</sort_order>
                            <show_in_default>1</show_in_default>
                            <show_in_website>1</show_in_website>
                            <show_in_store>1</show_in_store>
                            <!-- <comment>The number of days if you chose Custom period</comment> -->
                            <depends><period>0</period></depends>
                        </days>
                        
                        <pending_request translate="label">
                            <label>Recurring pay for account that has a pending request</label>
                            <frontend_type>select</frontend_type>
                            <source_model>adminhtml/system_config_source_yesno</source_model>
                            <sort_order>22</sort_order>
                            <show_in_default>1</show_in_default>
                            <show_in_website>1</show_in_website>
                            <show_in_store>1</show_in_store>
                        </pending_request>
                        
                        <auto_complete translate="label">
                            <label>Auto complete Withdrawal</label>
                            <frontend_type>select</frontend_type>
                            <source_model>adminhtml/system_config_source_yesno</source_model>
                            <sort_order>25</sort_order>
                            <show_in_default>1</show_in_default>
                            <show_in_website>1</show_in_website>
                            <show_in_store>1</show_in_store>
                            <comment>Yes if you want to transfer money to your affiliate account immediately through the paygate</comment>
                        </auto_complete>
                        <amount_type translate="label">
                            <label>Payout type</label>
                            <frontend_type>select</frontend_type>
                            <source_model>affiliateplus/system_config_source_fixedpercentagetype</source_model>
                            <sort_order>30</sort_order>
                            <show_in_default>1</show_in_default>
                            <show_in_website>1</show_in_website>
                            <show_in_store>1</show_in_store>
                            <comment></comment>
                        </amount_type>
                        <amount_value translate="label">
                            <label>Payout Amount</label>
                            <frontend_type>text</frontend_type>
                            <sort_order>40</sort_order>
                            <show_in_default>1</show_in_default>
                            <show_in_website>1</show_in_website>
                            <show_in_store>1</show_in_store>
                            <comment></comment>
                        </amount_value>
                        <max_account translate="label">
                            <label>Maximum accounts</label>
                            <frontend_type>text</frontend_type>
                            <sort_order>50</sort_order>
                            <show_in_default>1</show_in_default>
                            <show_in_website>1</show_in_website>
                            <show_in_store>1</show_in_store>
                            <comment>Maximum accounts can receive payout per cron. Put 0 for unlimited accounts.</comment>
                        </max_account>
                        
                        <admin_email translate="label">
                            <label>Send Email to Admins</label>
                            <frontend_type>select</frontend_type>
                            <source_model>adminhtml/system_config_source_yesno</source_model>
                            <sort_order>60</sort_order>
                            <show_in_default>1</show_in_default>
                            <show_in_website>1</show_in_website>
                            <show_in_store>1</show_in_store>
                            <comment></comment>
                        </admin_email>
<!--                        <email_address translate="label">
                            <label>Admin Email</label>
                            <frontend_type>text</frontend_type>
                            <sort_order>70</sort_order>
                            <show_in_default>1</show_in_default>
                            <show_in_website>1</show_in_website>
                            <show_in_store>1</show_in_store>
                            <comment></comment>
                        </email_address>-->
                        <admin_template translate="label">
                            <label>Email template sent to Admins</label>
                            <frontend_type>select</frontend_type>
                            <source_model>adminhtml/system_config_source_email_template</source_model>
                            <sort_order>80</sort_order>
                            <show_in_default>1</show_in_default>
                            <show_in_website>1</show_in_website>
                            <show_in_store>1</show_in_store>
                            <comment></comment>
                        </admin_template>
                        
                        <account_email translate="label">
                            <label>Send Email Notification to Affiliate</label>
                            <frontend_type>select</frontend_type>
                            <source_model>adminhtml/system_config_source_yesno</source_model>
                            <sort_order>90</sort_order>
                            <show_in_default>1</show_in_default>
                            <show_in_website>1</show_in_website>
                            <show_in_store>1</show_in_store>
                            <comment></comment>
                        </account_email>
                        <account_template translate="label">
                            <label>Email template sent to Affiliate</label>
                            <frontend_type>select</frontend_type>
                            <source_model>adminhtml/system_config_source_email_template</source_model>
                            <sort_order>100</sort_order>
                            <show_in_default>1</show_in_default>
                            <show_in_website>1</show_in_website>
                            <show_in_store>1</show_in_store>
                            <comment></comment>
                        </account_template>
                    </fields>
                </recurring>
            <paypal translate="label">
                    <label>PayPal Payment Method</label>
                    <frontend_type>text</frontend_type>
                    <sort_order>10</sort_order>
                    <show_in_default>1</show_in_default>
                    <show_in_website>1</show_in_website>
                    <show_in_store>1</show_in_store>
                    <fields>
                            <active translate="label">
                                <label>Active</label>
                                <frontend_type>select</frontend_type>  
                                <source_model>adminhtml/system_config_source_yesno</source_model>                 
                                <sort_order>0</sort_order>
                                <show_in_default>1</show_in_default>
                                <show_in_website>1</show_in_website>
                                <show_in_store>1</show_in_store>
                                <comment></comment>
                            </active>
                        
                            <label translate="label">
                        	<label>Label</label>
                                <frontend_type>text</frontend_type>
                                <sort_order>5</sort_order>
                                <show_in_default>1</show_in_default>
                                <show_in_website>1</show_in_website>
                                <show_in_store>1</show_in_store>
				<comment></comment>
                            </label>
                            <require_authentication>
                            <label>Require Authentication</label>
                            <frontend_type>select</frontend_type>
                            <source_model>adminhtml/system_config_source_yesno</source_model>
                            <sort_order>7</sort_order>
                            <show_in_default>1</show_in_default>
                            <show_in_website>1</show_in_website>
                            <show_in_store>1</show_in_store>
							<comment></comment>
                        </require_authentication>
                            <use_for_recurring translate="label">
                                <label>Use Recurring Payment PayPal API</label>
                                <frontend_type>select</frontend_type>
                                <source_model>adminhtml/system_config_source_yesno</source_model>
                                <sort_order>10</sort_order>
                                <show_in_default>1</show_in_default>
                                <show_in_website>1</show_in_website>
                                <show_in_store>1</show_in_store>
                                <comment></comment>
                            </use_for_recurring>
                            <user_mechant_email_default translate="label">
                                <label>Use your PayPal Merchant Email Default on Paypal Config</label>
                                <!--
                                <frontend_type>select</frontend_type>
                                <source_model>adminhtml/system_config_source_yesno</source_model>
                                -->
                                <frontend_model>affiliatepluspayment/adminhtml_system_config_paypal_default</frontend_model>
                                <sort_order>15</sort_order>
                                <show_in_default>1</show_in_default>
                                <show_in_website>1</show_in_website>
                                <show_in_store>1</show_in_store>
                                <comment></comment>
                            </user_mechant_email_default>
                            <paypal_email translate="label">
                                <label>PayPal merchant email</label>
                                <frontend_type>text</frontend_type>
                                <sort_order>20</sort_order>
                                <show_in_default>1</show_in_default>
                                <show_in_website>1</show_in_website>
                                <show_in_store>1</show_in_store>
                                <comment></comment>
                            </paypal_email>
                            <api_username translate="label">
                                <label>API Username</label>
                                <frontend_type>text</frontend_type>
                                <sort_order>25</sort_order>
                                <show_in_default>1</show_in_default>
                                <show_in_website>1</show_in_website>
                                <show_in_store>1</show_in_store>
                                <comment></comment>
                            </api_username>
                            <api_password translate="label">
                                <label>API Password</label>
                                <frontend_type>password</frontend_type>
                                <sort_order>30</sort_order>
                                <show_in_default>1</show_in_default>
                                <show_in_website>1</show_in_website>
                                <show_in_store>1</show_in_store>
                                <comment></comment>
                            </api_password>
                            <api_signature translate="label">
                                <label>API Signature</label>
                                <!--<frontend_type>text</frontend_type>-->
                                <frontend_model>affiliatepluspayment/adminhtml_system_config_paypal_signature</frontend_model>
                                <sort_order>35</sort_order>
                                <show_in_default>1</show_in_default>
                                <show_in_website>1</show_in_website>
                                <show_in_store>1</show_in_store>
                                <comment></comment>
                            </api_signature>
                            <sandbox_mode translate="label">
                                <label>Sandbox Mode</label>
                                <!--
                                <frontend_type>select</frontend_type>
                                <source_model>adminhtml/system_config_source_yesno</source_model>
                                -->
                                <frontend_model>affiliatepluspayment/adminhtml_system_config_paypal_loaddefault</frontend_model>
                                <sort_order>40</sort_order>
                                <show_in_default>1</show_in_default>
                                <show_in_website>1</show_in_website>
                                <show_in_store>1</show_in_store>
                                <comment></comment>
                            </sandbox_mode>
                    </fields>
		</paypal>
				<offline translate="label">
                    <label>Offline Payment Method</label>
                    <frontend_type>text</frontend_type>
                    <sort_order>10</sort_order>
                    <show_in_default>1</show_in_default>
                    <show_in_website>1</show_in_website>
                    <show_in_store>1</show_in_store>
                    <fields>
						<active translate="label">
							<label>Active</label>
                            <frontend_type>select</frontend_type>  
							<source_model>adminhtml/system_config_source_yesno</source_model>                 
                            <sort_order>0</sort_order>
                            <show_in_default>1</show_in_default>
                            <show_in_website>1</show_in_website>
                            <show_in_store>1</show_in_store>
							<comment></comment>
						</active>
                        
                        <label translate="label">
                        	<label>Label</label>
                            <frontend_type>text</frontend_type>
                            <sort_order>5</sort_order>
                            <show_in_default>1</show_in_default>
                            <show_in_website>1</show_in_website>
                            <show_in_store>1</show_in_store>
							<comment></comment>
                        </label>
                        <require_authentication>
                            <label>Require Authentication</label>
                            <frontend_type>select</frontend_type>
                            <source_model>adminhtml/system_config_source_yesno</source_model>
                            <sort_order>7</sort_order>
                            <show_in_default>1</show_in_default>
                            <show_in_website>1</show_in_website>
                            <show_in_store>1</show_in_store>
							<comment></comment>
                        </require_authentication>
                        
                        <!--<fee_type translate="label">
                        	<label>Payment Fee Type</label>
                            <frontend_type>select</frontend_type>  
							<source_model>affiliateplus/system_config_source_fixedpercentage</source_model>
                            <sort_order>10</sort_order>
                            <show_in_default>1</show_in_default>
                            <show_in_website>1</show_in_website>
                            <show_in_store>1</show_in_store>
							<comment></comment>
                        </fee_type>
						
						<fee_value translate="label">
                            <label>Fee Value</label>
                            <frontend_type>text</frontend_type>                   
                            <sort_order>15</sort_order>
                            <show_in_default>1</show_in_default>
                            <show_in_website>1</show_in_website>
                            <show_in_store>1</show_in_store>
							<comment></comment>
                        </fee_value>-->
					</fields>
				</offline>
				<bank translate="label">
                    <label>Bank Transfer Payment Method</label>
                    <frontend_type>text</frontend_type>
                    <sort_order>20</sort_order>
                    <show_in_default>1</show_in_default>
                    <show_in_website>1</show_in_website>
                    <show_in_store>1</show_in_store>
                    <fields>
						<active translate="label">
							<label>Active</label>
                            <frontend_type>select</frontend_type>  
							<source_model>adminhtml/system_config_source_yesno</source_model>                 
                            <sort_order>0</sort_order>
                            <show_in_default>1</show_in_default>
                            <show_in_website>1</show_in_website>
                            <show_in_store>1</show_in_store>
							<comment></comment>
						</active>
                        
                        <label translate="label">
                        	<label>Label</label>
                            <frontend_type>text</frontend_type>
                            <sort_order>5</sort_order>
                            <show_in_default>1</show_in_default>
                            <show_in_website>1</show_in_website>
                            <show_in_store>1</show_in_store>
							<comment></comment>
                        </label>
                        <require_authentication>
                            <label>Require Authentication</label>
                            <frontend_type>select</frontend_type>
                            <source_model>adminhtml/system_config_source_yesno</source_model>
                            <sort_order>7</sort_order>
                            <show_in_default>1</show_in_default>
                            <show_in_website>1</show_in_website>
                            <show_in_store>1</show_in_store>
							<comment></comment>
                        </require_authentication>
                        
                        <!--<fee_type translate="label">
                        	<label>Payment Fee Type</label>
                            <frontend_type>select</frontend_type>  
							<source_model>affiliateplus/system_config_source_fixedpercentage</source_model>
                            <sort_order>10</sort_order>
                            <show_in_default>1</show_in_default>
                            <show_in_website>1</show_in_website>
                            <show_in_store>1</show_in_store>
							<comment></comment>
                        </fee_type>
						
						<fee_value translate="label">
                            <label>Fee Value</label>
                            <frontend_type>text</frontend_type>                   
                            <sort_order>15</sort_order>
                            <show_in_default>1</show_in_default>
                            <show_in_website>1</show_in_website>
                            <show_in_store>1</show_in_store>
							<comment></comment>
                        </fee_value>-->
					</fields>
				</bank>
                <moneybooker translate="label">
                    <label>Moneybooker Payment Method</label>
                    <frontend_type>text</frontend_type>
                    <sort_order>30</sort_order>
                    <show_in_default>1</show_in_default>
                    <show_in_website>1</show_in_website>
                    <show_in_store>1</show_in_store>
                    <fields>
                        <active translate="label">
                            <label>Active</label>
                            <frontend_type>select</frontend_type>
                            <source_model>adminhtml/system_config_source_yesno</source_model>
                            <sort_order>0</sort_order>
                            <show_in_default>1</show_in_default>
                            <show_in_website>1</show_in_website>
                            <show_in_store>1</show_in_store>
							<comment></comment>
                        </active>
                        <label translate="label">
                        	<label>Label</label>
                            <frontend_type>text</frontend_type>
                            <sort_order>5</sort_order>
                            <show_in_default>1</show_in_default>
                            <show_in_website>1</show_in_website>
                            <show_in_store>1</show_in_store>
							<comment></comment>
                        </label>
                        <require_authentication>
                            <label>Require Authentication</label>
                            <frontend_type>select</frontend_type>
                            <source_model>adminhtml/system_config_source_yesno</source_model>
                            <sort_order>7</sort_order>
                            <show_in_default>1</show_in_default>
                            <show_in_website>1</show_in_website>
                            <show_in_store>1</show_in_store>
							<comment></comment>
                        </require_authentication>
                        <use_for_recurring translate="label">
                            <label>Use Recurring Payment Moneybookers API</label>
                            <frontend_type>select</frontend_type>
                            <source_model>adminhtml/system_config_source_yesno</source_model>
                            <sort_order>10</sort_order>
                            <show_in_default>1</show_in_default>
                            <show_in_website>1</show_in_website>
                            <show_in_store>1</show_in_store>
                            <comment></comment>
                        </use_for_recurring>
                        <user_mechant_email_default translate="label">
                            <label>Use your MoneyBookers Merchant Email Default on Moneybookers Config</label>
                            <!--frontend_type>select</frontend_type>
                            <source_model>adminhtml/system_config_source_yesno</source_model-->
                            <frontend_model>affiliatepluspayment/adminhtml_system_config_moneybooker_default</frontend_model>
                            <sort_order>15</sort_order>
                            <show_in_default>1</show_in_default>
                            <show_in_website>1</show_in_website>
                            <show_in_store>1</show_in_store>
                            <comment></comment>
                        </user_mechant_email_default>
                        <moneybooker_email translate="label">
                            <label>Moneybookers merchant email</label>
                            <!--frontend_type>text</frontend_type-->
                            <frontend_model>affiliatepluspayment/adminhtml_system_config_moneybooker_email</frontend_model>
                            <sort_order>20</sort_order>
                            <show_in_default>1</show_in_default>
                            <show_in_website>1</show_in_website>
                            <show_in_store>1</show_in_store>
                            <comment></comment>
                        </moneybooker_email>
                        <moneybooker_password translate="label">
                            <label>API/MQI Password</label>
                            <!--frontend_type>password</frontend_type-->
                            <frontend_model>affiliatepluspayment/adminhtml_system_config_moneybooker_password</frontend_model>
                            <sort_order>25</sort_order>
                            <show_in_default>1</show_in_default>
                            <show_in_website>1</show_in_website>
                            <show_in_store>1</show_in_store>
                            <comment></comment>
                        </moneybooker_password>
                        <notification_subject translate="label">
                            <label>Subject of notification email</label>
                            <frontend_type>text</frontend_type>
                            <sort_order>30</sort_order>
                            <show_in_default>1</show_in_default>
                            <show_in_website>1</show_in_website>
                            <show_in_store>1</show_in_store>
                            <comment></comment>
                        </notification_subject>
                        <notification_note translate="label">
                            <label>Content of notification email</label>
                            <frontend_type>textarea</frontend_type>
                            <sort_order>35</sort_order>
                            <show_in_default>1</show_in_default>
                            <show_in_website>1</show_in_website>
                            <show_in_store>1</show_in_store>
                            <comment></comment>
                        </notification_note>
<!--                        <pay_fee translate="label">
                            <label>Who pay fee</label>
                            <frontend_type>select</frontend_type>
                            <source_model>affiliateplus/system_config_source_whopayfees</source_model>
                            <sort_order>40</sort_order>
                            <show_in_default>1</show_in_default>
                            <show_in_website>1</show_in_website>
                            <show_in_store>1</show_in_store>
                            <comment></comment>
                        </pay_fee>-->
                    </fields>
                </moneybooker>
            </groups>
        </affiliateplus_payment>  
    </sections>
</config>